key,key:leg,role,lastUpdate,status,key:member,remarks,is_draft_mode
assignment-01,leg-01,PILOT,2024/12/31 00:00,CONFIRMED,member-01,,true
assignment-02,leg-05,CO_PILOT,2019/01/10 00:00,PENDING,member-01,Waiting for confirmation,false
assignment-03,leg-08,PILOT,2022/01/10 00:00,CANCELLED,member-01,Flight cancelled due to weather,false
assignment-04,leg-06,CABIN_ATTENDANT,2023/01/10 00:00,CONFIRMED,member-01,On standby,false
assignment-05,leg-09,PILOT,2023/05/15 12:30,CONFIRMED,member-01,Flight reassigned to alternate crew,false
assignment-06,leg-07,CABIN_ATTENDANT,2021/08/21 14:00,PENDING,member-01,Pending final approval,false

assignment-07,leg-04,PILOT,2020/06/11 08:45,CONFIRMED,member-02,,true
assignment-08,leg-02,CO_PILOT,2019/09/19 13:20,PENDING,member-02,Awaiting clearance,false
assignment-09,leg-01,CABIN_ATTENDANT,2024/02/22 18:10,CANCELLED,member-02,Cancelled due to operational changes,true
assignment-10,leg-06,LEAD_ATTENDANT,2023/11/30 05:50,CONFIRMED,member-02,Standby for reassignment,false
assignment-11,leg-03,CO_PILOT,2022/04/05 16:45,PENDING,member-02,Awaiting flight manifest updates,false

assignment-12,leg-04,PILOT,2023/07/07 09:10,CONFIRMED,member-03,,true
assignment-13,leg-01,CO_PILOT,2021/12/14 11:35,CANCELLED,member-03,Cancelled due to maintenance issues,true
assignment-14,leg-07,CABIN_ATTENDANT,2020/01/25 22:00,PENDING,member-03,Pending crew scheduling confirmation,false
assignment-15,leg-08,LEAD_ATTENDANT,2024/03/17 07:25,CONFIRMED,member-03,Confirmed with minor changes to schedule,true
assignment-16,leg-09,CABIN_ATTENDANT,2023/09/09 10:00,CONFIRMED,member-03,Backup crew assigned,false
assignment-17,leg-10,CO_PILOT,2022/05/20 15:30,PENDING,member-03,Pending weather updates,true

assignment-18,leg-07,PILOT,2024/01/05 06:00,CONFIRMED,member-04,,false
assignment-19,leg-02,CO_PILOT,2018/11/11 19:45,PENDING,member-04,Awaiting aircraft assignment,false
assignment-20,leg-06,CABIN_ATTENDANT,2021/03/29 21:10,CANCELLED,member-04,Cancelled due to crew illness,false
assignment-21,leg-04,LEAD_ATTENDANT,2022/07/15 17:55,CONFIRMED,member-04,Confirmed standby,true
assignment-22,leg-01,PILOT,2020/08/08 12:00,PENDING,member-04,Pending final briefing,true
assignment-23,leg-10,CABIN_ATTENDANT,2023/04/04 09:30,CONFIRMED,member-04,Confirmed with new flight time,true
assignment-24,leg-03,CO_PILOT,2022/06/21 14:20,PENDING,member-04,Awaiting dispatch clearance,false

assignment-25,leg-10,PILOT,2024/07/15 14:00,CONFIRMED,member-01,,true
assignment-26,leg-04,CO_PILOT,2024/06/25 10:45,PENDING,member-01,Waiting for confirmation,true
assignment-27,leg-06,CABIN_ATTENDANT,2024/08/02 12:00,CANCELLED,member-01,Flight cancelled due to weather,false
assignment-28,leg-07,LEAD_ATTENDANT,2024/09/15 16:00,CONFIRMED,member-01,On standby,false
assignment-29,leg-02,PILOT,2024/05/10 08:30,CONFIRMED,member-02,,false
assignment-30,leg-03,CO_PILOT,2024/07/12 17:00,PENDING,member-02,Awaiting flight manifest updates,false
assignment-31,leg-01,CABIN_ATTENDANT,2024/05/25 13:30,CONFIRMED,member-02,Standby for reassignment,true
assignment-32,leg-08,CO_PILOT,2024/06/18 14:30,PENDING,member-02,Pending final approval,true
assignment-33,leg-05,PILOT,2024/09/22 19:30,CONFIRMED,member-03,,false
assignment-34,leg-09,CABIN_ATTENDANT,2024/10/01 15:00,CONFIRMED,member-03,Flight reassigned to alternate crew,false
assignment-35,leg-07,LEAD_ATTENDANT,2024/12/05 06:00,CONFIRMED,member-03,Confirmed with minor changes to schedule,false
assignment-36,leg-02,CO_PILOT,2024/06/30 20:15,PENDING,member-03,Awaiting dispatch clearance,false
assignment-37,leg-01,PILOT,2024/08/10 11:30,CONFIRMED,member-04,,true
assignment-38,leg-06,CABIN_ATTENDANT,2024/09/05 10:00,CANCELLED,member-04,Cancelled due to crew illness,false

# Legs 29-37 (Primer bloque)
assignment-53,leg-29,PILOT,2023/01/12 08:00,CONFIRMED,member-01,Regular assignment,false
assignment-54,leg-29,CO_PILOT,2023/01/12 08:00,CONFIRMED,member-02,First officer,false
assignment-55,leg-29,CABIN_ATTENDANT,2023/01/12 08:00,CONFIRMED,member-03,Senior crew,false

assignment-56,leg-30,PILOT,2023/02/08 10:00,CONFIRMED,member-04,Seasonal route,false
assignment-57,leg-30,CO_PILOT,2023/02/08 10:00,CONFIRMED,member-01,Training flight,false
assignment-58,leg-30,LEAD_ATTENDANT,2023/02/08 10:00,CONFIRMED,member-02,Medical training completed,false

assignment-59,leg-31,PILOT,2023/03/03 16:00,CONFIRMED,member-03,Night flight,false
assignment-60,leg-31,CO_PILOT,2023/03/03 16:00,CONFIRMED,member-04,Instrument rating,false
assignment-61,leg-31,CABIN_ATTENDANT,2023/03/03 16:00,CONFIRMED,member-01,New crew member,false

assignment-62,leg-32,PILOT,2023/04/10 07:00,CONFIRMED,member-02,Long-haul,false
assignment-63,leg-32,CO_PILOT,2023/04/10 07:00,CONFIRMED,member-03,First international,false
assignment-64,leg-32,CABIN_ATTENDANT,2023/04/10 07:00,CONFIRMED,member-04,Language specialist,false

assignment-65,leg-33,PILOT,2023/05/18 12:00,CONFIRMED,member-01,Weekend flight,false
assignment-66,leg-33,CO_PILOT,2023/05/18 12:00,CONFIRMED,member-02,Extra hours,false
assignment-67,leg-33,LEAD_ATTENDANT,2023/05/18 12:00,CONFIRMED,member-03,VIP service,false

assignment-68,leg-34,PILOT,2023/06/06 09:00,CONFIRMED,member-04,Short turnaround,false
assignment-69,leg-34,CO_PILOT,2023/06/06 09:00,CONFIRMED,member-01,Recurrent training,false
assignment-70,leg-34,CABIN_ATTENDANT,2023/06/06 09:00,CONFIRMED,member-02,New uniform,false

assignment-71,leg-35,PILOT,2023/07/12 14:00,CONFIRMED,member-03,Monsoon season,false
assignment-72,leg-35,CO_PILOT,2023/07/12 14:00,CONFIRMED,member-04,Turbulence experience,false
assignment-73,leg-35,CABIN_ATTENDANT,2023/07/12 14:00,CONFIRMED,member-01,Special meals,false

assignment-74,leg-36,PILOT,2023/08/20 06:00,CONFIRMED,member-02,Early shift,false
assignment-75,leg-36,CO_PILOT,2023/08/20 06:00,CONFIRMED,member-03,Check ride,false
assignment-76,leg-36,LEAD_ATTENDANT,2023/08/20 06:00,CONFIRMED,member-04,Equipment check,false

assignment-77,leg-37,PILOT,2023/09/03 11:00,CONFIRMED,member-01,New route,false
assignment-78,leg-37,CO_PILOT,2023/09/03 11:00,CONFIRMED,member-02,Last minute change,false
assignment-79,leg-37,CABIN_ATTENDANT,2023/09/03 11:00,CONFIRMED,member-03,Extra crew,false