key,flightNumber,departure,arrival,status,key:departureAirport,key:arrivalAirport,key:flight,key:aircraft,isDraftMode
leg-01,IBV0000,2025/03/15 06:30,2025/03/15 09:15,ON_TIME,airport-01,airport-02,flight-01,aircraft-01,false
leg-02,VYB0001,2024/11/22 14:20,2024/11/22 17:45,LANDED,airport-02,airport-01,flight-02,aircraft-02,false
leg-03,VYB0002,2023/08/05 21:10,2023/08/06 00:30,CANCELLED,airport-01,airport-03,flight-02,aircraft-02,false
leg-04,IBV0003,2025/06/30 08:45,2025/06/30 12:00,CANCELLED,airport-03,airport-04,flight-01,aircraft-14,true
leg-05,VYB0004,2024/02/14 11:15,2024/02/14 14:30,LANDED,airport-04,airport-01,flight-02,aircraft-15,false
leg-06,VYB0005,2025/09/18 19:30,2025/09/18 22:45,ON_TIME,airport-02,airport-01,flight-02,aircraft-02,false

leg-07,VYB0006,2023/12/24 05:20,2023/12/24 08:40,LANDED,airport-03,airport-02,flight-02,aircraft-15,false
leg-08,IBV0007,2025/04/01 16:10,2025/04/01 19:25,CANCELLED,airport-01,airport-02,flight-24,aircraft-14,true
leg-09,IBV0008,2024/07/07 13:45,2024/07/07 17:00,LANDED,airport-01,airport-03,flight-25,aircraft-01,true
leg-10,VYB0009,2025/10/31 23:15,2025/11/01 02:30,ON_TIME,airport-01,airport-03,flight-28,aircraft-02,true
leg-11,VYB0010,2025/10/31 23:15,2025/11/01 02:30,ON_TIME,airport-01,airport-03,flight-29,aircraft-02,true
leg-12,IBV1001,2025/01/02 08:00,2025/06/01 10:00,ON_TIME,airport-01,airport-02,flight-24,aircraft-14,false
leg-13,IBV6097,2025/04/01 06:00,2025/04/01 08:00,CANCELLED,airport-01,airport-02,flight-01,aircraft-14,false

leg-14,VYB6847,2025/04/02 06:00,2025/04/02 08:00,ON_TIME,airport-02,airport-03,flight-02,aircraft-02,false

leg-15,IBV1393,2025/04/03 06:00,2025/11/01 08:00,ON_TIME,airport-03,airport-04,flight-03,aircraft-01,true
leg-16,AEX8190,2025/04/04 06:00,2025/11/02 08:00,ON_TIME,airport-04,airport-01,flight-34,aircraft-03,true
leg-17,AEX2929,2025/04/05 06:00,2025/11/03 08:00,ON_TIME,airport-01,airport-02,flight-35,aircraft-03,true
leg-18,AEX3393,2025/04/06 06:00,2025/11/04 08:00,ON_TIME,airport-02,airport-03,flight-06,aircraft-03,true
leg-19,AEX9788,2025/04/07 06:00,2025/11/05 08:00,ON_TIME,airport-03,airport-04,flight-07,aircraft-03,true

leg-20,INV2180,2025/04/08 06:00,2025/04/08 08:00,ON_TIME,airport-04,airport-01,flight-08,aircraft-08,false
leg-21,FTA4686,2025/04/09 06:00,2025/04/09 08:00,ON_TIME,airport-01,airport-02,flight-09,aircraft-09,false
leg-22,ABC2783,2025/04/10 06:00,2025/04/10 08:00,ON_TIME,airport-02,airport-03,flight-10,aircraft-10,false
leg-23,FTA2991,2025/04/11 06:00,2025/04/11 08:00,ON_TIME,airport-03,airport-04,flight-11,aircraft-09,false
leg-24,ABC9970,2025/04/12 06:00,2025/04/12 08:00,ON_TIME,airport-04,airport-01,flight-12,aircraft-10,false
leg-25,VYB4071,2025/04/13 06:00,2025/04/13 08:00,ON_TIME,airport-01,airport-02,flight-13,aircraft-02,false
leg-26,LNA2643,2025/04/14 06:00,2025/04/14 08:00,ON_TIME,airport-02,airport-03,flight-14,aircraft-04,false
leg-27,AEX7597,2025/04/15 06:00,2025/04/15 08:00,ON_TIME,airport-03,airport-04,flight-15,aircraft-03,false
leg-28,LNA1300,2025/04/16 06:00,2025/04/16 08:00,ON_TIME,airport-04,airport-01,flight-16,aircraft-04,false
leg-29,IBV7393,2025/04/17 06:00,2025/04/17 08:00,ON_TIME,airport-01,airport-02,flight-17,aircraft-01,false
leg-30,IBV4129,2025/04/18 06:00,2025/04/18 08:00,ON_TIME,airport-02,airport-03,flight-18,aircraft-01,false
leg-31,IBV9363,2025/04/19 06:00,2025/04/19 08:00,ON_TIME,airport-03,airport-04,flight-19,aircraft-01,false
leg-32,IBV1465,2025/04/20 06:00,2025/04/20 08:00,ON_TIME,airport-04,airport-01,flight-20,aircraft-01,false
leg-33,IBV1749,2025/04/21 06:00,2025/04/21 08:00,ON_TIME,airport-01,airport-02,flight-21,aircraft-01,false
leg-34,IBV9146,2025/04/22 06:00,2025/04/22 08:00,ON_TIME,airport-02,airport-03,flight-22,aircraft-01,false

#Used for assignments
#Legs of manager-01
leg-35,IBV9147,2024/04/22 06:00,2024/04/22 08:00,LANDED,airport-02,airport-03,flight-23,aircraft-01,false
leg-36,IBV9148,2024/04/23 06:00,2024/04/23 08:00,LANDED,airport-03,airport-04,flight-24,aircraft-14,false
leg-37,IBV9149,2024/04/24 06:00,2024/04/24 08:00,LANDED,airport-04,airport-01,flight-25,aircraft-01,false
leg-38,IBV9150,2024/04/25 06:00,2024/04/25 08:00,LANDED,airport-01,airport-02,flight-26,aircraft-14,false

# legs of manager-02
leg-39,VYB9151,2024/04/26 06:00,2024/04/26 08:00,LANDED,airport-02,airport-03,flight-27,aircraft-02,false
leg-40,VYB9152,2024/04/27 06:00,2024/04/27 08:00,LANDED,airport-03,airport-04,flight-28,aircraft-02,false
leg-41,VYB9153,2024/04/28 06:00,2024/04/28 08:00,LANDED,airport-04,airport-01,flight-29,aircraft-15,false
leg-42,VYB9154,2024/04/29 06:00,2024/04/29 08:00,LANDED,airport-01,airport-02,flight-30,aircraft-15,false
leg-43,VYB9155,2024/04/30 06:00,2024/04/30 08:00,LANDED,airport-02,airport-03,flight-31,aircraft-02,false
leg-44,VYB9156,2024/05/01 06:00,2024/05/01 08:00,LANDED,airport-03,airport-04,flight-32,aircraft-02,false
leg-45,VYB9157,2025/05/02 06:00,2025/05/02 08:00,ON_TIME,airport-04,airport-01,flight-33,aircraft-15,false

# legs of manager-03 
leg-46,AEX9158,2025/05/03 06:00,2025/05/03 08:00,ON_TIME,airport-01,airport-02,flight-34,aircraft-03,false
leg-47,AEX9159,2025/05/04 06:00,2025/05/04 08:00,ON_TIME,airport-02,airport-03,flight-35,aircraft-03,false
leg-48,AEX9160,2025/05/05 06:00,2025/05/05 08:00,ON_TIME,airport-03,airport-04,flight-36,aircraft-03,false
leg-49,AEX9161,2025/05/06 06:00,2025/05/06 08:00,ON_TIME,airport-04,airport-01,flight-37,aircraft-03,false
leg-50,AEX9162,2025/05/07 06:00,2025/05/07 08:00,ON_TIME,airport-01,airport-02,flight-38,aircraft-03,false
leg-51,AEX9163,2025/05/08 06:00,2025/05/08 08:00,ON_TIME,airport-02,airport-03,flight-39,aircraft-03,false
leg-52,AEX9164,2025/05/09 06:00,2025/05/09 08:00,ON_TIME,airport-03,airport-04,flight-40,aircraft-03,false

# 
leg-53,IBV9165,2025/05/10 06:00,2025/05/10 08:00,ON_TIME,airport-04,airport-01,flight-24,aircraft-01,false
leg-54,IBV9166,2025/05/11 06:00,2025/05/11 08:00,ON_TIME,airport-01,airport-02,flight-25,aircraft-01,false
leg-55,IBV9167,2025/05/12 06:00,2025/05/12 08:00,ON_TIME,airport-02,airport-03,flight-26,aircraft-01,false

leg-56,VYB9168,2025/05/13 06:00,2025/05/13 08:00,ON_TIME,airport-03,airport-04,flight-27,aircraft-02,false

leg-57,VYB9169,2025/05/14 06:00,2025/05/14 08:00,ON_TIME,airport-04,airport-01,flight-28,aircraft-02,false
leg-58,VYB9170,2025/05/15 06:00,2025/05/15 08:00,ON_TIME,airport-01,airport-02,flight-29,aircraft-15,false
leg-59,VYB9171,2025/05/16 06:00,2025/05/16 08:00,ON_TIME,airport-02,airport-03,flight-30,aircraft-15,false
leg-60,VYB9172,2025/05/17 06:00,2025/05/17 08:00,ON_TIME,airport-03,airport-04,flight-31,aircraft-15,false
#Leg to check that there cannot be two assignments on the same date with the leg 53.
leg-61,IBV9173,2025/05/10 07:00,2025/05/10 09:00,ON_TIME,airport-03,airport-04,flight-33,aircraft-14,false
# more legs of assignments
#More choices member 1 y member 2
leg-62,IBV9174,2025/05/19 06:00,2025/05/19 08:00,ON_TIME,airport-02,airport-03,flight-26,aircraft-01,false
leg-63,IBV9175,2025/05/18 06:00,2025/05/18 08:00,ON_TIME,airport-02,airport-03,flight-26,aircraft-01,false